{
  "feature_names": [
    "Age",
    "RestingBP",
    "Cholesterol",
    "FastingBS",
    "MaxHR",
    "Oldpeak",
    "Sex_M",
    "ChestPainType_ATA",
    "ChestPainType_NAP",
    "ChestPainType_TA",
    "RestingECG_Normal",
    "RestingECG_ST",
    "ExerciseAngina_Y",
    "ST_Slope_Flat",
    "ST_Slope_Up"
  ],
  "odd_ratios": [
    1.1666957988754454,
    1.0099739614787004,
    0.99634303731193,
    1.6553125046886434,
    0.8195305988248109,
    1.5691789594302954,
    1.820246844828355,
    0.535163207217168,
    0.5572607888679144,
    0.7811324361915088,
    0.9995972699225769,
    0.9386257029190582,
    1.6473150927271232,
    1.7712299934534002,
    0.553343336571911
  ],
  "weights": [
    0.15417564998016883,
    0.00992454980668174,
    -0.0036636657229431515,
    0.5039898155891911,
    -0.19902354308797876,
    0.4505525267942707,
    0.5989721209184878,
    -0.6251835183885324,
    -0.5847219459921129,
    -0.24701057092989775,
    -0.00040281119496039184,
    -0.06333849168069877,
    0.49914674602870224,
    0.5716742168020958,
    -0.5917766083210576
  ],
  "intercept": [0.27212997631912395],
  "scaler": {
    "means": [
      53.65122615803815,
      133.24114441416893,
      243.91961852861036,
      0.22752043596730245,
      136.17847411444143,
      0.9050408719346048,
      0.773841961852861,
      0.1893732970027248,
      0.22070844686648503,
      0.043596730245231606,
      0.6049046321525886,
      0.19209809264305178,
      0.4128065395095368,
      0.5163487738419619,
      0.41825613079019075
    ],
    "variances": [
      87.57045489980624,
      315.39007825434896,
      2555.68154971824,
      0.17575488718455107,
      640.6970298242618,
      1.1711871236700842,
      0.17501057992857622,
      0.1535110513850426,
      0.171996228348269,
      0.0416960553571561,
      0.2389950181529301,
      0.15519641544595325,
      0.24239730044769803,
      0.24973271759386442,
      0.2433179398466096
    ]
  },
  "metrics": {
    "accuracy": 0.8586956521739131,
    "recall": 0.8411214953271028,
    "f1_score": 0.8737864077669902,
    "precision": 0.9090909090909091
  },
  "confusion_matrix": [
    [68, 9],
    [17, 90]
  ]
}
